{
  "meilleur_modele": "CodeT5-base  StratA (FullFT)",
  "chemin": "/content/drive/MyDrive/evo_CodeT5base_fullFT",
  "score_composite": 0.9431,
  "classement": [
    {
      "modele": "CodeT5-base  StratA (FullFT)",
      "score": 0.9431
    },
    {
      "modele": "CodeT5+ 770M StratB (FrozenEnc)",
      "score": 0.9386
    },
    {
      "modele": "CodeT5+ 770M StratA (FullFT)",
      "score": 0.9289
    },
    {
      "modele": "CodeT5-base  StratB (FrozenEnc)",
      "score": 0.9288
    }
  ],
  "tous_resultats": {
    "CodeT5-base  StratA (FullFT)": {
      "modele": "CodeT5base_StratA_FullFT",
      "nb_test": 120,
      "EM": 0.3333333333333333,
      "BLEU": 0.5975959707787085,
      "Smooth_BLEU": 0.5975959707787085,
      "ROUGE-1": 0.9407385053602323,
      "ROUGE-2": 0.9048473463850065,
      "ROUGE-L": 0.9381974811103336,
      "METEOR": 0.8973508809720486,
      "BERT-P": 0.9994112849235535,
      "BERT-R": 0.9994112849235535,
      "BERT-F1": 0.9994112849235535,
      "validite_syntaxique": {
        "validite_globale": 0.9416666666666667,
        "validite_ACME": 0.9558823529411765,
        "validite_AADL": 0.9230769230769231,
        "nb_valides": 113,
        "nb_total": 120
      },
      "precision_operationnelle": {
        "ADD_CONNECTOR": {
          "correct": 20,
          "total": 20,
          "precision": 1.0
        },
        "DELETE_CONNECTOR": {
          "correct": 20,
          "total": 20,
          "precision": 1.0
        },
        "MODIFY_PROPERTY": {
          "correct": 20,
          "total": 20,
          "precision": 1.0
        },
        "ADD_COMPONENT": {
          "correct": 8,
          "total": 20,
          "precision": 0.4
        },
        "ADD_PORT": {
          "correct": 20,
          "total": 20,
          "precision": 1.0
        },
        "DELETE_COMPONENT": {
          "correct": 20,
          "total": 20,
          "precision": 1.0
        },
        "GLOBAL": {
          "correct": 108,
          "total": 120,
          "precision": 0.9
        }
      },
      "score_composite": 0.9431
    },
    "CodeT5-base  StratB (FrozenEnc)": {
      "modele": "CodeT5base_StratB_FrozenEnc",
      "nb_test": 120,
      "EM": 0.3333333333333333,
      "BLEU": 0.5617166120020941,
      "Smooth_BLEU": 0.5617166120020941,
      "ROUGE-1": 0.9074430896071118,
      "ROUGE-2": 0.8711344568246212,
      "ROUGE-L": 0.904486687435812,
      "METEOR": 0.8476309097427713,
      "BERT-P": 0.9992523193359375,
      "BERT-R": 0.9992523193359375,
      "BERT-F1": 0.9992523193359375,
      "validite_syntaxique": {
        "validite_globale": 0.9583333333333334,
        "validite_ACME": 0.9852941176470589,
        "validite_AADL": 0.9230769230769231,
        "nb_valides": 115,
        "nb_total": 120
      },
      "precision_operationnelle": {
        "ADD_CONNECTOR": {
          "correct": 20,
          "total": 20,
          "precision": 1.0
        },
        "DELETE_CONNECTOR": {
          "correct": 20,
          "total": 20,
          "precision": 1.0
        },
        "MODIFY_PROPERTY": {
          "correct": 19,
          "total": 20,
          "precision": 0.95
        },
        "ADD_COMPONENT": {
          "correct": 12,
          "total": 20,
          "precision": 0.6
        },
        "ADD_PORT": {
          "correct": 20,
          "total": 20,
          "precision": 1.0
        },
        "DELETE_COMPONENT": {
          "correct": 20,
          "total": 20,
          "precision": 1.0
        },
        "GLOBAL": {
          "correct": 111,
          "total": 120,
          "precision": 0.925
        }
      },
      "score_composite": 0.9288
    },
    "CodeT5+ 770M StratA (FullFT)": {
      "modele": "CodeT5plus_StratA_FullFT",
      "nb_test": 120,
      "EM": 0.3,
      "BLEU": 0.5654239741370551,
      "Smooth_BLEU": 0.5654239741370551,
      "ROUGE-1": 0.9163779668542706,
      "ROUGE-2": 0.8902095638862539,
      "ROUGE-L": 0.9125599386781188,
      "METEOR": 0.8646130581094348,
      "BERT-P": 0.9993308782577515,
      "BERT-R": 0.9993308782577515,
      "BERT-F1": 0.9993308782577515,
      "validite_syntaxique": {
        "validite_globale": 0.9416666666666667,
        "validite_ACME": 0.9705882352941176,
        "validite_AADL": 0.9038461538461539,
        "nb_valides": 113,
        "nb_total": 120
      },
      "precision_operationnelle": {
        "ADD_CONNECTOR": {
          "correct": 20,
          "total": 20,
          "precision": 1.0
        },
        "DELETE_CONNECTOR": {
          "correct": 20,
          "total": 20,
          "precision": 1.0
        },
        "MODIFY_PROPERTY": {
          "correct": 19,
          "total": 20,
          "precision": 0.95
        },
        "ADD_COMPONENT": {
          "correct": 8,
          "total": 20,
          "precision": 0.4
        },
        "ADD_PORT": {
          "correct": 20,
          "total": 20,
          "precision": 1.0
        },
        "DELETE_COMPONENT": {
          "correct": 20,
          "total": 20,
          "precision": 1.0
        },
        "GLOBAL": {
          "correct": 107,
          "total": 120,
          "precision": 0.8917
        }
      },
      "score_composite": 0.9289
    },
    "CodeT5+ 770M StratB (FrozenEnc)": {
      "modele": "CodeT5plus_StratB_FrozenEnc",
      "nb_test": 120,
      "EM": 0.325,
      "BLEU": 0.596547320858607,
      "Smooth_BLEU": 0.596547320858607,
      "ROUGE-1": 0.934692324493269,
      "ROUGE-2": 0.9039478672239316,
      "ROUGE-L": 0.928946815422203,
      "METEOR": 0.8867959586973302,
      "BERT-P": 0.9994992613792419,
      "BERT-R": 0.9994992613792419,
      "BERT-F1": 0.9994992613792419,
      "validite_syntaxique": {
        "validite_globale": 0.9416666666666667,
        "validite_ACME": 0.9852941176470589,
        "validite_AADL": 0.8846153846153846,
        "nb_valides": 113,
        "nb_total": 120
      },
      "precision_operationnelle": {
        "ADD_CONNECTOR": {
          "correct": 20,
          "total": 20,
          "precision": 1.0
        },
        "DELETE_CONNECTOR": {
          "correct": 20,
          "total": 20,
          "precision": 1.0
        },
        "MODIFY_PROPERTY": {
          "correct": 19,
          "total": 20,
          "precision": 0.95
        },
        "ADD_COMPONENT": {
          "correct": 9,
          "total": 20,
          "precision": 0.45
        },
        "ADD_PORT": {
          "correct": 20,
          "total": 20,
          "precision": 1.0
        },
        "DELETE_COMPONENT": {
          "correct": 20,
          "total": 20,
          "precision": 1.0
        },
        "GLOBAL": {
          "correct": 108,
          "total": 120,
          "precision": 0.9
        }
      },
      "score_composite": 0.9386
    }
  }
}