{
    "modele": "CodeT5base_StratA_FullFT",
    "nb_test": 120,
    "EM": 0.3333333333333333,
    "BLEU": 0.5975959707787085,
    "Smooth_BLEU": 0.5975959707787085,
    "ROUGE-1": 0.9407385053602323,
    "ROUGE-2": 0.9048473463850065,
    "ROUGE-L": 0.9381974811103336,
    "METEOR": 0.8973508809720486,
    "BERT-P": 0.9994112849235535,
    "BERT-R": 0.9994112849235535,
    "BERT-F1": 0.9994112849235535,
    "validite_syntaxique": {
        "validite_globale": 0.9416666666666667,
        "validite_ACME": 0.9558823529411765,
        "validite_AADL": 0.9230769230769231,
        "nb_valides": 113,
        "nb_total": 120
    },
    "precision_operationnelle": {
        "ADD_CONNECTOR": {
            "correct": 20,
            "total": 20,
            "precision": 1.0
        },
        "DELETE_CONNECTOR": {
            "correct": 20,
            "total": 20,
            "precision": 1.0
        },
        "MODIFY_PROPERTY": {
            "correct": 20,
            "total": 20,
            "precision": 1.0
        },
        "ADD_COMPONENT": {
            "correct": 8,
            "total": 20,
            "precision": 0.4
        },
        "ADD_PORT": {
            "correct": 20,
            "total": 20,
            "precision": 1.0
        },
        "DELETE_COMPONENT": {
            "correct": 20,
            "total": 20,
            "precision": 1.0
        },
        "GLOBAL": {
            "correct": 108,
            "total": 120,
            "precision": 0.9
        }
    },
    "score_composite": 0.9431
}