{
  "protocole": "1-shot, n=20, bootstrap B=2000, seed=42",
  "modeles": [
    "Llama-3.1-8B",
    "Mistral-7B",
    "Gemma-2-9B",
    "Llama-3.3-70B",
    "Llama-4-Scout-17B",
    "DeepSeek-R1-70B",
    "Qwen3-32B"
  ],
  "ic95": {
    "GPT-OSS-20B": {
      "EM": [
        0.15134999999999998,
        0.0,
        0.3
      ],
      "BLEU": [
        0.1622273436656028,
        0.06891214641912467,
        0.36176560513550676
      ],
      "ROUGE-L": [
        0.549203461966632,
        0.3729370437873957,
        0.7243690649516447
      ],
      "METEOR": [
        0.5828198786420226,
        0.3959401533205051,
        0.7584081437518942
      ],
      "BERT-F1": [
        0.9023553729057312,
        0.8669515252113342,
        0.9372262954711914
      ]
    },
    "Llama-4-Scout-17B": {
      "EM": [
        0.09985,
        0.0,
        0.25
      ],
      "BLEU": [
        0.5239998635305699,
        0.4064209693381106,
        0.6927059312560429
      ],
      "ROUGE-L": [
        0.793401907094407,
        0.7191570771570771,
        0.8673436192186192
      ],
      "METEOR": [
        0.8121888618956274,
        0.7314347102493406,
        0.8875825310211309
      ],
      "BERT-F1": [
        0.9420723915100098,
        0.9274670481681824,
        0.9568113684654236
      ]
    },
    "Llama-3.1-8B": {
      "EM": [
        0.0515,
        0.0,
        0.15
      ],
      "BLEU": [
        0.12361451859707995,
        0.05659469917897329,
        0.23500585368141844
      ],
      "ROUGE-L": [
        0.4927024319036169,
        0.3700794998649644,
        0.621685954027827
      ],
      "METEOR": [
        0.5671941984179039,
        0.4187311572460762,
        0.7198061715575411
      ],
      "BERT-F1": [
        0.8808099031448364,
        0.8510706424713135,
        0.9111647009849548
      ]
    },
    "Llama-3.3-70B": {
      "EM": [
        0.09985,
        0.0,
        0.25
      ],
      "BLEU": [
        0.6655673863083916,
        0.5411933757541443,
        0.7805540969285535
      ],
      "ROUGE-L": [
        0.8229883277961635,
        0.7454204849066858,
        0.8959924544941009
      ],
      "METEOR": [
        0.8527149078027733,
        0.775935623361751,
        0.9149422902114925
      ],
      "BERT-F1": [
        0.9392637014389038,
        0.9260810017585754,
        0.9521793723106384
      ]
    },
    "GPT-OSS-120B": {
      "EM": [
        0.20217500000000002,
        0.05,
        0.4
      ],
      "BLEU": [
        0.5929174400863392,
        0.3889030017886515,
        0.7585514527209516
      ],
      "ROUGE-L": [
        0.7715811030283994,
        0.6290497878778395,
        0.8944845931044468
      ],
      "METEOR": [
        0.7867002022126748,
        0.6532720355202031,
        0.910755778799261
      ],
      "BERT-F1": [
        0.9423291087150574,
        0.9166041016578674,
        0.9660142660140991
      ]
    },
    "Qwen3-32B": {
      "EM": [
        0.25089999999999996,
        0.1,
        0.45
      ],
      "BLEU": [
        0.14699230831665341,
        0.0454889448086415,
        0.7117951600705598
      ],
      "ROUGE-L": [
        0.7569579641911318,
        0.606639228973125,
        0.8833259205657529
      ],
      "METEOR": [
        0.7533207954925469,
        0.6147424641474973,
        0.8804045945986463
      ],
      "BERT-F1": [
        0.9456741809844971,
        0.919369101524353,
        0.9690768122673035
      ]
    }
  },
  "pipeline": {
    "EM": [
      0.3333,
      null,
      null
    ],
    "BLEU": [
      0.5976,
      null,
      null
    ],
    "ROUGE-L": [
      0.9382,
      null,
      null
    ],
    "METEOR": [
      0.8974,
      null,
      null
    ],
    "BERT-F1": [
      0.9994,
      null,
      null
    ]
  },
  "note": "Pipeline évalué sur le test set complet (n=218). Baselines évaluées sur sous-ensemble stratifié (n=20) pour contraintes d'accès API (Algérie, Groq free tier)."
}